purchase_id,order_date,supplier_id,product_id,quantity,purchase_price
PO0001,2025-01-21,S008,P009,128,582.76
PO0002,2025-04-24,S005,P014,75,14.42
PO0003,2025-01-30,S007,P012,48,459.32
PO0004,2025-06-23,S008,P019,98,138.41
PO0005,2025-04-12,S001,P020,21,124.36
PO0006,2025-02-24,S005,P005,94,515.25
PO0007,2025-01-02,S007,P016,64,81.1
PO0008,2025-05-17,S006,P008,38,102.12
PO0009,2025-01-11,S001,P014,137,15.02
PO0010,2025-03-22,S007,P019,123,166.3
PO0011,2025-04-17,S002,P010,123,621.46
PO0012,2025-03-25,S008,P006,112,56.75
PO0013,2025-01-28,S007,P008,122,105.67
PO0014,2025-04-12,S006,P010,76,680.78
PO0015,2025-02-13,S002,P003,150,1239.81
PO0016,2025-03-31,S003,P012,80,435.86
PO0017,2025-03-07,S003,P007,59,44.11
PO0018,2025-06-17,S003,P003,146,1337.02
PO0019,2025-05-25,S008,P019,102,172.8
PO0020,2025-06-10,S003,P011,132,212.37
PO0021,2025-04-24,S005,P010,34,684.37
PO0022,2025-01-19,S008,P010,135,624.65
PO0023,2025-04-05,S002,P010,43,734.35
PO0024,2025-05-10,S008,P013,30,55.5
PO0025,2025-05-27,S006,P007,141,41.27
PO0026,2025-01-16,S002,P015,107,80.42
PO0027,2025-01-22,S003,P017,30,15.39
PO0028,2025-04-23,S003,P015,113,68.83
PO0029,2025-03-14,S007,P013,106,58.93
PO0030,2025-01-14,S002,P011,104,214.05
PO0031,2025-06-23,S005,P013,84,59.61
PO0032,2025-06-18,S003,P020,105,119.93
PO0033,2025-06-19,S006,P005,99,607.35
PO0034,2025-06-28,S003,P013,41,53.39
PO0035,2025-04-07,S003,P011,43,249.35
PO0036,2025-04-19,S006,P017,24,15.9
PO0037,2025-02-16,S006,P007,144,37.86
PO0038,2025-02-05,S002,P005,95,589.6
PO0039,2025-01-26,S001,P017,106,18.16
PO0040,2025-06-08,S007,P005,59,491.36
PO0041,2025-06-27,S003,P020,132,118.57
PO0042,2025-04-04,S008,P008,92,112.07
PO0043,2025-04-25,S004,P008,99,118.04
PO0044,2025-05-01,S006,P007,132,40.83
PO0045,2025-03-14,S007,P013,61,61.0
PO0046,2025-06-04,S005,P005,33,560.33
PO0047,2025-04-06,S002,P018,51,24.75
PO0048,2025-02-11,S008,P009,57,636.64
PO0049,2025-01-24,S008,P008,109,117.05
PO0050,2025-04-17,S007,P002,148,1594.54
PO0051,2025-04-09,S006,P003,77,1180.15
PO0052,2025-01-26,S003,P011,55,210.45
PO0053,2025-05-01,S008,P005,134,556.61
PO0054,2025-01-21,S005,P001,75,2001.63
PO0055,2025-05-21,S007,P020,48,144.94
PO0056,2025-03-02,S002,P010,32,662.8
PO0057,2025-06-13,S008,P020,36,120.99
PO0058,2025-05-08,S001,P020,81,142.87
PO0059,2025-03-16,S001,P014,110,12.57
PO0060,2025-04-17,S002,P006,112,56.4
PO0061,2025-05-15,S001,P018,119,28.86
PO0062,2025-01-12,S006,P013,84,59.96
PO0063,2025-04-02,S006,P003,81,1433.86
PO0064,2025-06-10,S006,P004,54,342.61
PO0065,2025-05-20,S003,P011,138,270.77
PO0066,2025-05-03,S003,P006,36,67.42
PO0067,2025-04-28,S005,P002,71,1449.27
PO0068,2025-02-21,S006,P002,99,1656.77
PO0069,2025-05-20,S005,P016,29,96.08
PO0070,2025-02-18,S006,P010,32,782.0
PO0071,2025-03-26,S002,P009,114,575.16
PO0072,2025-04-13,S007,P015,106,80.25
PO0073,2025-05-08,S006,P016,88,97.23
PO0074,2025-04-19,S007,P003,66,1366.37
PO0075,2025-03-24,S002,P004,103,406.74
PO0076,2025-03-20,S007,P015,62,74.86
PO0077,2025-03-31,S001,P015,110,73.43
PO0078,2025-04-22,S001,P009,39,611.7
PO0079,2025-04-14,S003,P012,27,441.06
PO0080,2025-06-05,S001,P015,52,63.03
PO0081,2025-06-15,S006,P012,118,545.93
PO0082,2025-01-09,S003,P020,135,151.16
PO0083,2025-04-06,S002,P015,55,71.81
PO0084,2025-04-12,S005,P011,83,269.47
PO0085,2025-01-07,S008,P006,119,70.78
PO0086,2025-01-31,S005,P009,134,540.47
PO0087,2025-06-06,S008,P010,71,640.8
PO0088,2025-01-19,S003,P015,133,80.7
PO0089,2025-06-24,S006,P011,36,243.2
PO0090,2025-03-16,S003,P010,64,768.3
PO0091,2025-05-11,S002,P008,71,113.18
PO0092,2025-03-02,S001,P016,112,91.3
PO0093,2025-04-05,S003,P015,42,63.0
PO0094,2025-04-12,S007,P016,124,97.76
PO0095,2025-01-19,S006,P005,38,532.8
PO0096,2025-06-24,S006,P017,52,18.16
PO0097,2025-05-22,S003,P019,53,154.67
PO0098,2025-01-15,S003,P004,97,355.12
PO0099,2025-03-24,S006,P008,92,114.69
PO0100,2025-03-06,S005,P007,52,42.63
PO0101,2025-06-07,S002,P018,148,27.24
PO0102,2025-06-01,S003,P019,63,164.17
PO0103,2025-06-04,S001,P011,27,213.2
PO0104,2025-06-14,S005,P019,73,168.71
PO0105,2025-04-17,S001,P020,147,149.0
PO0106,2025-05-20,S005,P010,143,664.03
PO0107,2025-06-25,S005,P013,136,49.84
PO0108,2025-01-16,S008,P006,126,63.48
PO0109,2025-02-22,S003,P011,100,263.14
PO0110,2025-03-23,S007,P012,53,521.39
PO0111,2025-05-12,S002,P018,101,24.44
PO0112,2025-02-01,S008,P009,83,528.98
PO0113,2025-01-13,S007,P010,127,664.67
PO0114,2025-02-10,S006,P011,68,256.84
PO0115,2025-05-08,S008,P017,147,18.17
PO0116,2025-05-08,S002,P001,120,1840.17
PO0117,2025-03-03,S006,P007,32,36.31
PO0118,2025-05-07,S008,P020,93,136.32
PO0119,2025-01-28,S003,P014,87,14.32
PO0120,2025-04-14,S001,P012,122,429.15
PO0121,2025-05-24,S006,P007,93,36.56
PO0122,2025-05-10,S005,P015,50,64.19
PO0123,2025-01-25,S006,P013,106,57.12
PO0124,2025-04-04,S004,P005,150,525.8
PO0125,2025-01-11,S001,P002,55,1743.98
PO0126,2025-05-02,S008,P017,58,16.97
PO0127,2025-05-12,S006,P005,101,491.4
PO0128,2025-06-07,S006,P010,149,774.87
PO0129,2025-05-17,S005,P016,141,97.58
PO0130,2025-04-05,S002,P011,126,245.36
PO0131,2025-06-26,S008,P001,87,2066.36
PO0132,2025-05-29,S004,P019,33,161.01
PO0133,2025-02-13,S007,P017,57,17.92
PO0134,2025-03-04,S002,P002,68,1438.33
PO0135,2025-03-22,S003,P014,125,14.19
PO0136,2025-04-16,S008,P017,35,17.41
PO0137,2025-05-13,S006,P007,142,41.53
PO0138,2025-03-22,S008,P006,107,64.54
PO0139,2025-06-23,S008,P009,69,656.34
PO0140,2025-03-13,S005,P018,77,29.34
PO0141,2025-03-18,S004,P010,145,677.74
PO0142,2025-03-31,S005,P018,93,23.6
PO0143,2025-06-23,S007,P018,121,28.48
PO0144,2025-02-07,S001,P010,93,799.01
PO0145,2025-01-21,S008,P012,85,519.65
PO0146,2025-02-24,S005,P007,89,37.26
PO0147,2025-06-07,S004,P019,82,138.63
PO0148,2025-05-16,S004,P008,33,93.81
PO0149,2025-03-26,S002,P016,55,78.12
PO0150,2025-05-21,S007,P006,141,63.37
